url,identifier,title,description,image,currency,cost,created,ended,impressions,language,exclude,interest,placement,residence,match,location,politics,multicultural affinity,industry,employer,clicks,facebook url,tag
https://mith.umd.edu/irads/api/items/6986,2751,Community of people who support our brav…,Community of people who support our brave Police Officers. Back The Badge,https://mith.umd.edu/irads/files/original/2a9848a3dcd24022ae2a6de096b807a3.png,RUB,110587.67,2016-10-19T04:54:17-07:00,,1334544,English (UK)|English (US),,State police|Law enforcement in the United States|Police|Sheriffs in the United States|Law enforcement|Police officer,News Feed on desktop computers|News Feed on mobile devices|Right column on desktop computers,,,,,,,,73063,https://www.facebook.com/Copsareheroes/,Back the Badge|badge|blue|crime|illustration|Joy|photograph|red
https://mith.umd.edu/irads/api/items/8844,2647,Brown Power is a platform designed to ed…,"Brown Power is a platform designed to educate, entertain and connect
Chicanos in the US.",https://mith.umd.edu/irads/files/original/de16d6d2093c827eb95234618babaeb9.png,RUB,59571.41,2016-12-09T00:51:10-08:00,,968768,Spanish|English (UK)|English (US)|Spanish (Spain),Exclude people who like Brown Power,Mexico|Latin hip hop|Chicano Movement|Hispanidad|Lowrider|Chicano rap,News Feed on desktop computers|News Feed on mobile devices|Right column on desktop computers,,,,,,,,56405,https://www.facebook.com/brownunitedfront/,Brown Power|class|green|illustration|Joy|nation|race|racial identities|racial tensions|red|white
https://mith.umd.edu/irads/api/items/8782,3145,"Staying Woke,bui|ding-up our communities…","Staying Woke,bui|ding-up our communities,up|ifting our people. Join us! Woke
Blacks",https://mith.umd.edu/irads/files/original/bc8869ed23cf9aa2ccdfd1e6602dc17d.png,RUB,58193.59,2016-12-01T07:46:44-08:00,,752179,English (US),Exclude people who like Woke Blacks,Martin Luther King|African-American Civil Rights Movement (1954—68)|African-American history|Malcolm X,News Feed on desktop computers|News Feed on mobile devices|Right column on desktop computers,,,,,,,,33444,https://www.facebook.com/Woke-B|acks-294234600956431/,black|blue|common folks|Joy|orange|photograph|race|racial identities|woke|Woke Blacks|world of possibilities
https://mith.umd.edu/irads/api/items/7223,1141,Say it loud: I'm black and I'm proud!,Say it loud: I'm black and I'm proud!,https://mith.umd.edu/irads/files/original/812f8088fa8267a73ba832489ba0f593.png,RUB,120950.66,2015-12-10T01:35:01-08:00,,530762,English (UK)|English (US),Exclude people who like Blacktivist,Human rights|Malcolm X,News Feed on desktop computers|News Feed on mobile devices,,,,,,,,31413,https://www.facebook.com/blacktivists/,Anger|barriers|black|Blacktivist|illustration|race|racial tensions|red
https://mith.umd.edu/irads/api/items/6869,450,United We Stand! Welcome every patriot w…,United We Stand! Welcome every patriot we can reach. Flag and news!,https://mith.umd.edu/irads/files/original/aeebbe03fecc6b6d12a8d7740aebbe71.png,RUB,331675.75,2015-06-23T00:41:02-07:00,,529205,English (UK)|English (US),Exclude people who like Being Patriotic,Independence|Patriotism,News Feed on desktop computers|News Feed on mobile devices,,,,,,,,72043,https://www.facebook.com/patriototus/,bald eagle|Being Patriotic|blue|Joy|nation|non-partisan|patriotism|red|U.S. Flag|white
https://mith.umd.edu/irads/api/items/7000,2774,"Heritage, not hate. The South will rise …","Heritage, not hate. The South will rise again! South United",https://mith.umd.edu/irads/files/original/0866c3b189f1967fa83049506a284730.png,RUB,78357.33,2016-10-14T05:54:10-07:00,,511224,English (UK)|English (US),Exclude people who like South United,Confederate Flag|Confederate States Army|American Civil War|Southern Pride,News Feed on desktop computers|News Feed on mobile devices|Right column on desktop computers,,,,,,,,40134,https://www.facebook.com/South-United-1777037362551238/,blue|Confederacy|Confederate flag|empowerment|illustration|Joy|justice|nation|patriotism|red|South United|text|white
https://mith.umd.edu/irads/api/items/7970,1033,This video may bring tears to your eyes.…,"This video may bring tears to your eyes. Make it go viral. We need this unity
in our communities.",https://mith.umd.edu/irads/files/original/2d2cf9d852ce4c22f2389f79986e88cf.png,RUB,1500,2017-02-14T06:35:27-08:00,2017-02-17T06:35:27-08:00,501552,English (UK)|English (US),,Black nationalism|Pan-Africanism|Police misconduct|African-American culture|African-American Civil Rights Movement (1954—68)|African-American history|Black Consciousness Movement|Martin Luther King I”|Stop Police Brutality|Black (Color),News Feed on desktop computers|News Feed on mobile devices,,,,,,,,49197,https://www.facebook.com/Blacktivist-128371547505950/,Blacktivist|non-partisan|redacted
https://mith.umd.edu/irads/api/items/8444,955,This hairdresser from Atlanta is amazing…,"This hairdresser from Atlanta is amazing. She can install Iocs at supersonic
speeds. This hairdresser from Atlanta is amazing. She can install Iocs...",https://mith.umd.edu/irads/files/original/31fd287aa4b63286b6f118676acf7954.png,RUB,523,2017-04-03T08:21:28-07:00,2017-04-05T08:21:28-07:00,489186,English (UK)|English (US),,Black nationalism|Pan-Africanism|Police misconduct|African-American culture|African-American Civil Rights Movement (1954—68)|African-American history|Black Consciousness Movement|Martin Luther King III|Stop Police Brutality|Black (Color),News Feed on desktop computers|News Feed on mobile devices,,,,,,,,26179,https://www.facebook.com/blacktivists/,black|Blacktivist|common folks|red|redacted|Surprise|video|white|wut
https://mith.umd.edu/irads/api/items/7284,1941,Join Us! Support The Police!,Join Us! Support The Police!,https://mith.umd.edu/irads/files/original/72b89e1cb7aab1e443506c2110772cc1.png,RUB,26598.49,2016-04-13T09:15:28-07:00,,418904,,,Police|Police officer|Safety,Instagram Feed,,,,,,,,9211,https://www.facebook.com/Libelibe—1484239251885741/,black|commercial|Joy|non-partisan|pray4police|redacted|white
https://mith.umd.edu/irads/api/items/7387,807,We are proud to be black and stand for o…,"We are proud to be black and stand for our community! Join to end the racism
in the US.",https://mith.umd.edu/irads/files/original/2fb1212622c9939977bc2c24b55429b2.png,RUB,55609.63,2016-04-13T04:43:03-07:00,,371295,English (UK)|English (US),Exclude people who like Williams&Ka|vin,Black (Color)|Racism in the United States,News Feed on desktop computers|News Feed on mobile devices,,,,,,,,16442,https://www.facebook.com/WilliamsandKalvin,Anger|black|civil rights|common folks|Facebook|Joy|non-partisan|photograph|police brutality|protester|race|racial identities|racial tensions|red|text|white|Williams&Kalvin
https://mith.umd.edu/irads/api/items/7802,2885,Together we are a shining beacon of fait…,"Together we are a shining beacon of faithfulness! Join us and light your way
to Jesus! Army Of Jesus",https://mith.umd.edu/irads/files/original/ae6d4c68c49ebc16957b843ab1c3bb96.png,RUB,89081.11,2017-02-20T05:37:42-08:00,,368065,,,jesus love u|I Am a Child of God|Jesus Daily|Knowing Jesus| Have Decided to Follow Jesus,News Feed on desktop computers|News Feed on mobile devices|Right column on desktop computers,,,,,,,,28137,https://www.facebook.com/Army-of-Jesus-1195795607160174/,Army of Jesus|blue|darkness and light|illustration|Joy|religion|religious figure|sacred|white|yellow
https://mith.umd.edu/irads/api/items/9029,59,Black Matters. Black community.,Black Matters. Black community.,https://mith.umd.edu/irads/files/original/7cb293432b4e66e782eb55bc449f450b.png,RUB,58408.48,2015-11-05T23:17:06-08:00,,359345,English (UK)|English (US),Exclude people who like Black Matters,BlackNews.com|HuffPost Black Voices,News Feed on desktop computers|News Feed on mobile devices,,,,,,,,24838,https://www.facebook.com/blackmattersus/,blacklivesmatter|civil rights|class|equality|police brutality|race|racial tensions|Terrorism|the people
https://mith.umd.edu/irads/api/items/7100,2815,"Staying Woke,bui|ding-up our Black commu…","Staying Woke,bui|ding-up our Black communities,up|ifting Black people. Join
us!",https://mith.umd.edu/irads/files/original/2a00fec685778dc73bc1dd83e3c3fa01.png,RUB,23263.09,2016-10-18T04:53:49-07:00,,307235,English (US),Exclude people who like Woke Blacks,Martin Luther King|African-American Civil Rights Movement (1954—68)|African-American history|Malcolm X,News Feed on desktop computers|News Feed on mobile devices|Right column on desktop computers,,,,,,,,17214,https://www.facebook.com/Woke-B|acks-294234600956431/,blue|common folks|Joy|non-partisan|photograph|racial identities|red|white|woke|Woke Blacks
https://mith.umd.edu/irads/api/items/7087,2965,The community of 2nd Amendment supporter…,"The community of 2nd Amendment supporters, guns lovers & patriots Defend
The 2nd",https://mith.umd.edu/irads/files/original/c05ff2b2c0316d293335d6f32c189138.png,RUB,48305.55,2016-10-21T07:51:03-07:00,,301608,English (UK)|English (US),Exclude people who like Defend the 2nd,Right to keep and bear arms|The Second Amendment|National Rifle Association|Second Amendment Sisters|Gun Owners of America|Second Amendment to the United States Constitution|Concealed carry in the United States|Gun Rights|National Association for Gun Rights|Guns & Ammo or Gun Rights Across America|Employers: Gun Owners of America,News Feed on desktop computers|News Feed on mobile devices|Right column on desktop computers,,,,,,,,24955,https://www.facebook.com/Defend-the-2nd-692068924291672/,2nd Amendment|black|Defend the 2nd|gun|guns|illustration|Joy|patriotism|photograph|white
https://mith.umd.edu/irads/api/items/8669,2770,"Join us if you know it's just a car, NOT…","Join us if you know it's just a car, NOT A SYMBOL OF HATE South United",https://mith.umd.edu/irads/files/original/4fafb5d3081200bfa6334719f846656f.png,RUB,65705.82,2017-03-09T06:14:52-08:00,,300815,English (UK)|English (US),Exclude people who like South United,Flags of the Confederate States of America|Hart of Dixie|Mud & Trucks|Dixie|Redneck Nation,News Feed on desktop computers|News Feed on mobile devices|Right column on desktop computers,,,,,,,,16587,https://www.facebook.com/South-United-1777037362551238/,Anger|black|non-partisan|photograph|red|South United|white
https://mith.umd.edu/irads/api/items/7946,1040,When ballet dancers can mix modern dance…,"When ballet dancers can mix modern dance and ballet. When ballet dancers
can mix modern dance and ballet.",https://mith.umd.edu/irads/files/original/7c9b0ccabe09fe6c63fc46408d713ba1.png,RUB,300,2017-02-09T23:34:38-08:00,2017-02-10T23:34:38-08:00,295361,English (UK)|English (US),,Black nationalism|Pan—Africanism|Police misconduct|African-American culture|African-American Civil Rights Movement (1954—68)|African-American history|Black Consciousness Movement|Martin Luther King III|Stop Police Brutality|Black (Color),News Feed on desktop computers|News Feed on mobile devices,,,,,,,,23054,https://www.facebook.com/Blacktivist-128371547505950/,Blacktivist|redacted
https://mith.umd.edu/irads/api/items/7204,1067,African American Civil Rights Movement!,African American Civil Rights Movement!,https://mith.umd.edu/irads/files/original/e6bd3a1eacde47752cc971e5714df6b2.png,RUB,40411.07,2015-12-10T01:34:22-08:00,,289781,English (UK)|English (US),Exclude people who like Blacktivist,Human rights|Malcolm X,News Feed on desktop computers|News Feed on mobile devices,,,,,,,,13310,https://www.facebook.com/blacktivists/,black|civil rights|illustration|race|racial identities|red
https://mith.umd.edu/irads/api/items/6948,2888,Let's stand united to defend our faith a…,Let's stand united to defend our faith as an army of Jesus!,https://mith.umd.edu/irads/files/original/dbef25cdc19453a42e8f457cf3be04c6.png,RUB,35128.5,2016-10-17T02:17:19-07:00,,277317,,,Amenity|Jesus Daily,News Feed on desktop computers|News Feed on mobile devices|Right column on desktop computers,,,,,,,,20426,https://www.facebook.com/Army-of-Jesus-1195795607160174/,Army of Jesus|blue|illustration|Love|nation|non-partisan|patriotism|red|religion|religious figure|sacred|U.S. Flag|white
https://mith.umd.edu/irads/api/items/8849,2967,"Protect the 2nd. Without it, you won't h…","Protect the 2nd. Without it, you won't have any others! Join! Defend The 2nd",https://mith.umd.edu/irads/files/original/983167a6060261cc2c521af00bc00532.png,RUB,35594.58,2016-12-16T05:35:14-08:00,,268604,English (UK)|English (US),Exclude people who like Defend the 2nd,2nd Amendment,News Feed on desktop computers|News Feed on mobile devices|Right column on desktop computers,,,,,,,Gun Owners of America,21197,https://www.facebook.com/savetheZa/,black|crime|Defend the 2nd|guns|illustration|Joy|nation|photograph|white
https://mith.umd.edu/irads/api/items/7864,1024,You won‘t stop laughing if you watch thi…,You won‘t stop laughing if you watch this video. #FatherDaughterTalk,https://mith.umd.edu/irads/files/original/06caa32c481ac934990ec0a0d882f18a.png,RUB,491.23,2017-02-22T06:15:48-08:00,2017-02-23T06:15:48-08:00,253726,English (UK)|English (US),,Black nationalism|Pan-Africanism|Police misconduct|African—American culture|African—American Civil Rights Movement (1954—68)|African-American history|Black Consciousness Movement|Martin Luther King III|Stop Police Brutality|Black (Color),News Feed on desktop computers|News Feed on mobile devices,,,,,,,,23021,https://www.facebook.com/BIacktivist-128371547505950/,Blacktivist|Humor|race|racial identities|redacted
https://mith.umd.edu/irads/api/items/6502,2828,Unapologetically melaneted Kings and Que…,"Unapologetically melaneted Kings and Queens are powerful together. Join us!
Pan-Afican Roots MOVE",https://mith.umd.edu/irads/files/original/3640424d9eb70cffd4933ed91b144341.png,RUB,30507.66,2016-11-11T04:04:53-08:00,,234401,English (US),Exclude people who like Pan—African roots MOVE,Martin Luther King|Pan-Africanism|Kemetism|African-American culture|African-American Civil Rights Movement (1954—68)|African—American history|Malcolm X,News Feed on desktop computers|News Feed on mobile devices|Right column on desktop computers,,,,,,,,10018,https://www.facebook.com/PanAfrootsmove/,black|empowerment|Joy|Pan-African roots MOVE|race|racial identities|text
https://mith.umd.edu/irads/api/items/8333,2559,Couldn't have said it better.,Couldn't have said it better.,https://mith.umd.edu/irads/files/original/3c44317cfc75e18643dd2a57b4a15f53.png,RUB,1700,2017-04-28T08:07:17-07:00,2017-05-05T09:26:49-07:00,233961,,,Hispanic and latino american culture|Mexico|Being Chicano|Mexican american culture|Hispanic culture|Latino culture|Latin hip hop|Chicano|Chicano Movement|Hispanidad|Mexican Pride|Lowrider|Chicano rap|La Raza,News Feed on desktop computers|News Feed on mobile devices,,,,,,,,30775,https://www.facebook.com/brownunitedfront/,black|Brown Power|Joy|non-partisan|orange|photograph|race|racial identities|sacred|text|white
https://mith.umd.edu/irads/api/items/7650,1462,"We are not against police, we against po…","We are not against police, we against police brutality!",https://mith.umd.edu/irads/files/original/35adb3ff8e194e257a4624a676f58924.png,RUB,54729.47,2016-05-05T02:12:02-07:00,,226262,English (UK)|English (US),Exclude people who like Don't Shoot,Cop Block,News Feed on mobile devices,,,,,,,,9657,https://www.facebook.com/BIackJourney2Justice/,Anger|black|crime|Don't Shoot|guns|illustration|red|white
https://mith.umd.edu/irads/api/items/9318,2196,Our mission is to tell the bold truth ab…,Our mission is to tell the bold truth about racism. Join us! Black Lives Matter!,https://mith.umd.edu/irads/files/original/0525198a4e4a663c0abed0c58b726b2c.png,RUB,39774.78,2016-08-30T01:04:27-07:00,,223343,,Exclude people who like BM,Martin Luther King|African-American Civil Rights Movement (1954—68)|African-American history|Malcolm X,News Feed on desktop computers|News Feed on mobile devices|Right column on desktop computers,,,,,,,,18796,https://www.facebook.com/blackmattersus.mvmnt/,blacklivesmatter|empowerment|justice|race|staystrong
https://mith.umd.edu/irads/api/items/6778,54,Join us because we care. Black Matters!,Join us because we care. Black Matters!,https://mith.umd.edu/irads/files/original/f0806629845aca9082b209684cde218b.png,RUB,53424.95,2015-07-13T07:20:58-07:00,,201428,English (UK)|English (US),Exclude people who like Black Matters,,News Feed on desktop computers|News Feed on mobile devices,,,"Atlanta (+20 km) Georgia|Maryland|Ferguson (+20 km), St. Louis (+20 km) Missouri|Virginia",,,,,12127,https://www.facebook.com/blackmattersus/,black|Black lives|blacklivesmatter|civil rights|crime|graduation|photograph|police brutality|race|racial tensions|red|Sadness|white
https://mith.umd.edu/irads/api/items/6467,1028,Watch this heart-piercing story about a …,"Watch this heart-piercing story about a racial bias that might cause law
enforcement officers to shoot innocent and unarmed black people.",https://mith.umd.edu/irads/files/original/f2c4a978f31cc6cd1a2da7f34b1e7f92.png,RUB,500,2016-11-03T08:12:06-07:00,2016-11-10T07:12:06-08:00,191238,English (UK)|English (US),,Pan-Africanism|African-American Civil Rights Movement (1954—68)|African-American history|Black (Color),News Feed on desktop computers|News Feed on mobile devices,,,,,,,,11360,https://www.facebook.com/Blacktivist-128371547505950/,Blacktivist|civil rights|common folks|darkness and light|Fear|green|Love|police brutality|purple|race|racial tensions|Sadness|video|white
https://mith.umd.edu/irads/api/items/9312,592,We speak for all fellow members of LGBT …,We speak for all fellow members of LGBT community across the nation.,https://mith.umd.edu/irads/files/original/41e7121cf401c4c01cd31557524823cb.png,RUB,36000,2016-08-04T04:20:05-07:00,,190076,English (UK)|English (US),,Gay pride|Homosexuality|LGBT culture|LGBT community|Same-sex marriage,News Feed on desktop computers|News Feed on mobile devices,,,,,,,,7289,https://www.facebook.com/Igbtun/,Democrat|empowerment|equality|gender|LGBTQ|Liberal|Love|millennials|nation|rainbow|religion
https://mith.umd.edu/irads/api/items/8651,3107,"Staying Woke,bui|ding-up our communities…","Staying Woke,bui|ding-up our communities,up|ifting our people. Join us! Woke
Blacks",https://mith.umd.edu/irads/files/original/4c6e94721e53f2444a78002fe0fd47fc.png,RUB,19160.35,2017-03-21T08:28:10-07:00,,188630,English (US),Exclude people who like Woke Blacks,Martin Luther King|African-American Civil Rights Movement (1954—68)|African-American history|Malcolm X,News Feed on desktop computers|News Feed on mobile devices|Right column on desktop computers,,,,,,,,9073,https://www.facebook.com/Woke-B|acks-294234600956431/,black|blue|common folks|Joy|photograph|race|racial identities|white|woke|Woke Blacks
https://mith.umd.edu/irads/api/items/7420,804,We are proud to be black and stand for o…,"We are proud to be black and stand for our community! Join to end the racism
in the US.",https://mith.umd.edu/irads/files/original/4d1c9973f6aac547a6dc764e326bb3e6.png,RUB,48378.85,2016-04-13T04:42:55-07:00,,185599,English (UK)|English (US),Exclude people who like Williams&Ka|vin,Black (Color)|Racism in the United States,News Feed on desktop computers|News Feed on mobile devices,,,,,,,,10575,https://www.facebook.com/WilliamsandKalvin,black|Joy|photograph|race|racial identities|red|white
https://mith.umd.edu/irads/api/items/6682,745,Best state in US! Should I say more?,Best state in US! Should I say more?,https://mith.umd.edu/irads/files/original/f5a11777fc787a01f4d3958b76225203.png,RUB,118433.52,2015-09-22T07:42:46-07:00,,175705,English (UK)|English (US),Exclude people who like Heart of Texas,Independence|Patriotism,News Feed on desktop computers|News Feed on mobile devices,,,Texas,,,,,18083,https://www.facebook.com/timetosecede/,blue|Heart of Texas|illustration|Joy|red|Texas|white
https://mith.umd.edu/irads/api/items/6750,588,We speak for all fellow members of LGBT …,We speak for all fellow members of LGBT community across the nation.,https://mith.umd.edu/irads/files/original/ba7f1810bca9c2c787f8132499e2271b.png,RUB,93754.38,2015-07-14T00:01:38-07:00,,175460,English (UK)|English (US),Exclude people who like LGBT United,Gay pride|LGBT community|Homosexuality|LGBT culture|Same-sex marriage,News Feed on desktop computers|News Feed on mobile devices,,,,,,,,21449,https://www.facebook.com/lgbtun/,illustration|Joy|LGBT United|LGBTQ|Love|rainbow
https://mith.umd.edu/irads/api/items/7871,2763,"Heritage, not hate. The South will rise …","Heritage, not hate. The South will rise again!",https://mith.umd.edu/irads/files/original/d5ce276ab09180bae4c3d1daaaac1ba8.png,RUB,30464.55,2017-02-02T07:06:38-08:00,,171320,English (UK)|English (US),Exclude people who like South United,Flags of the Confederate States of America|Hart of Dixie|Dixie,News Feed on desktop computers|News Feed on mobile devices|Right column on desktop computers,,,,,,,,10000,https://www.facebook.com/South-United-1777037362551238/,blue|Confederacy|Confederate flag|illustration|invader|nation|red|South United|white
https://mith.umd.edu/irads/api/items/7291,1909,Do you support Trump? Wanna #MakeAmerica…,"Do you support Trump? Wanna #MakeAmericaGreatAgain? Wanna see your
kid on our account? Take pictures, make videos, send them to us via DM or
tag #KIDS4TRUMP and we'll make a patriotic team of young Trump
supporters here! I'm sure it'll be great!

It would be nice if you tell us why your kid supports Donald Trump and what
are his or her thoughts about #Election52016. Let's have some fun! Don't stay
aside! Tea Party News ( @tea Teapartypat",https://mith.umd.edu/irads/files/original/8b1e85a8a7f102fa2f980f8582a6f68e.png,RUB,9970.58,2016-04-21T00:28:18-07:00,,165121,,,The Tea Party|Donald Trump|donaldj trump|Donald Trump for President|Ivanka Trump Fine Jewelry|Donald Trump Jr.,Instagram Feed,,,,,,,,78,https://www.instagram.com/tea_party_news/,_american.made|black|city on a hill|Joy|MAGA|nation|patriotism|redacted|Trump
https://mith.umd.edu/irads/api/items/9439,2891,Let's stand united to defend our faith a…,Let's stand united to defend our faith as an army of Jesus! Army Of Jesus,https://mith.umd.edu/irads/files/original/e5c3df48c50eb6a464396c6d2210e2c3.png,RUB,34792.58,2017-01-10T02:20:56-08:00,,163358,,,jesus love u| Have Decided to Follow Jesus,News Feed on desktop computers|News Feed on mobile devices|Right column on desktop computers,,,,,,,,15590,https://www.facebook.com/Army-of-Jesus-1195795607160174/,blue|patriotism|red|religion|religious figure|sacred|soldiers|the people|U.S. Flag|white
https://mith.umd.edu/irads/api/items/7797,1030,Make sure you guide your Children and mo…,Make sure you guide your Children and motivate them.,https://mith.umd.edu/irads/files/original/354a31f5deab492185bc22172181c886.png,RUB,100,2017-02-21T05:45:54-08:00,2017-02-22T05:45:54-08:00,162331,English (UK)|English (US),,Black nationalism|Pan-Africanism|Police misconduct|African-American culture|African-American Civil Rights Movement (1954—68)|African-American history|Black Consciousness Movement|Martin Luther King III|Stop Police Brutality|Black (Color),News Feed on desktop computers|News Feed on mobile devices,,,,,,,,12303,https://www.facebook.com/Blacktivist-128371547505950/,black|Blacktivist|Love|race|redacted
https://mith.umd.edu/irads/api/items/7839,1043,"A 21-year-old senior at the university, …","A 21-year-old senior at the university, Aja Sims, influenced floor routine by
putting Hip-Hop in gymnastics and was praised as #BlackGirlsMagic.
However, several non-black fans took offense to the proclamation. A 21-year-
old senior at the university, Aja Sims, influenced f...",https://mith.umd.edu/irads/files/original/0b124c40c8a30419eb3dbedd1c31ba32.png,RUB,600,2017-02-03T05:39:22-08:00,2017-02-04T05:39:22-08:00,160565,English (UK)|English (US),,Pan-Africanism|African-American Civil Rights Movement (1954—68)|African-American history|Black (Color),News Feed on desktop computers|News Feed on mobile devices,,,,,,,,16132,https://www.facebook.com/Blacktivist-128371547505950/,Anger|black|Blacktivist|darkness and light|Joy|race|racial identities|red|video|white
https://mith.umd.edu/irads/api/items/6606,1086,Look at these gorgeous queens in all sha…,Look at these gorgeous queens in all shades.,https://mith.umd.edu/irads/files/original/0f16d0fce0e3bee3f186a66b54a21b0d.png,RUB,500,2016-11-03T08:11:21-07:00,2016-11-10T07:11:21-08:00,152716,English (UK)|English (US),,Pan-Africanism|African-American Civil Rights Movement (1954—68)|African-American history|Black (Color),News Feed on desktop computers|News Feed on mobile devices,,,,,,,,19558,https://www.facebook.com/Blacktivist-128371547505950/,Blacktivist|brown|common folks|Love|photograph|race|racial identities
https://mith.umd.edu/irads/api/items/8500,974,Black Americans are dealing with psychop…,"Black Americans are dealing with psychopaths when it comes to police. This
guy is far from Civilized.",https://mith.umd.edu/irads/files/original/d72d775c19a0d4bb41cc66946913539a.png,RUB,600,2017-04-19T07:11:11-07:00,2017-04-20T07:11:11-07:00,144987,English (UK)|English (US),,Pan-Africanism|African-American Civil Rights Movement (1954—68)|African-American history|Black (Color),News Feed on desktop computers|News Feed on mobile devices,,,,,,,,21695,https://www.facebook.com/blacktivists/,Anger|badge|black|Blacktivist|civil rights|common folks|darkness and light|Fear|police brutality|race|racial tensions|Sadness|video|white
https://mith.umd.edu/irads/api/items/9246,36,He's lucky to return home to reunite wit…,"He's lucky to return home to reunite with his family for the holidays. But he's
just one of a few servicemen to do this. For many of our brave troops
stationed abroad and far from their loved ones. Our brave servicemen and
servicewomen will continue to make sacrifices for our great country while the
VA employees will be having their dinner and laughing at the VA backlog.
Click to Learn More! Veterans USA ( @veterans GovSpending",https://mith.umd.edu/irads/files/original/7004d8d99e1b4e91f288af27f2fe8ea5.png,RUB,8339.12,2016-01-14T07:18:30-08:00,,143644,English (US),,Military|Veterans|Politics,Instagram Feed,,,,,,,,496,https:l/www.instagram.com/veterans_usl,black|freedom|liberty|nation|patriotism|soldiers|veterans
https://mith.umd.edu/irads/api/items/7986,1131,repost—,repost—,https://mith.umd.edu/irads/files/original/9d87012b1d2d0ae49d8a0e06a4b40a37.png,RUB,200,2017-02-14T06:45:22-08:00,2017-02-15T06:45:22-08:00,143558,English (UK)|English (US),,Black nationalism|Pan-Africanism|Police misconduct|African—American culture|African—American Civil Rights Movement (1954—68)|African-American history|Black Consciousness Movement|Martin Luther King III|Stop Police Brutality|Black (Color),News Feed on desktop computers|News Feed on mobile devices,,,,,,,,26964,https://www.facebook.com/BIacktivist-128371547505950/,black|Blacktivist|famous person|gender|Joy|photograph|race|racial identities|white
https://mith.umd.edu/irads/api/items/9316,2315,Our mission is to tell the bold truth ab…,Our mission is to tell the bold truth about racism. Join us! Black Lives Matter!,https://mith.umd.edu/irads/files/original/bbe591687f0f879d18f7ccd3d2f8f6f4.png,RUB,23347,2016-08-30T01:04:32-07:00,,143008,,Exclude people who like BM,Martin Luther King|African-American Civil Rights Movement (1954—68)|African-American history|Malcolm X,News Feed on desktop computers|News Feed on mobile devices|Right column on desktop computers,,,,,,,,9807,https://www.facebook.com/blackmattersus.mvmnt/,blacklivesmatter|empowerment|justice|race|staystrong
https://mith.umd.edu/irads/api/items/7533,73,Black Community! We finally made a websi…,"Black Community! We finally made a website! News about black racial and

social issues. This happened yesterday, Feb. 2, at a dry Cleaning shop in a
black neighborhood, when this black guy went for his Clothes he had already

sent for laundry. “What do you mean by you people?” The black guy asked.
There was a murmur from inside the shop; the dry Cleaner answered “those

who are arguing m... Black Matters The Police should protect not Brutalize
Ideally Black Women... S. F. Police Vow To Eradicate Racism Plans to fight
racism in the ranks. Black History Month The event grew out of “Negro
History Week,” the brainchild Black Matters",https://mith.umd.edu/irads/files/original/f0f503f2ec117802801295091e4fed57.png,RUB,24165.8,2016-02-04T23:54:33-08:00,,141500,English (UK)|English (US),,,News Feed on desktop computers|Third-party Apps and Websites on mobile devices|News Feed on mobile devices,,,,,,,,6282,https://b|ackmattersus.oom/,badge|black|Black Matters|Fear|non-partisan|photograph|police brutality|race|racial tensions|white
https://mith.umd.edu/irads/api/items/8162,2554,Mexicans are known for their masculinity…,"Mexicans are known for their masculinity and militancy, as many wars in the
past say. That's why the US often offers Mexicans to join the armed forces, in
exchange for what they promise to give American Citizenship. In this regard,
Mexicans are often sent to the war zone in Syria or other countries, from
where they sometimes do not return. Many Mexicans have to go for it, as
today the process of obtaining American Citizenship can last for years and
even dozens of years. The US policy towards Mexicans is becoming
increasingly brutal, therefore, it is necessary to stop any attempts by the US
government to send Mexicans to the war zones, where they fight for any
unknown goals.",https://mith.umd.edu/irads/files/original/9675c3d5ff831fc39593e0d792b38044.png,RUB,1100.06,2017-05-17T08:37:31-07:00,2017-05-29T20:03:00-07:00,132551,,,Hispanic and latino american culture|Mexico|Being Chicano|Mexican american culture|Hispanic culture|Latino culture|Latin hip hop|Chicano|Chicano Movement|Hispanidad|Mexican Pride|Lowrider|Chicano rap|La Raza,News Feed on desktop computers|News Feed on mobile devices,,,,,,,,17694,https://www.facebook.com/brownunitedfront/,Anger|Brown Power|Fear|foreign policy|racial identities|racial tensions|redacted|Sadness|text|war|white
https://mith.umd.edu/irads/api/items/8752,2889,Let's stand united to defend our faith a…,Let's stand united to defend our faith as an army of Jesus! Army Of Jesus,https://mith.umd.edu/irads/files/original/2b6e4e3efdd2e72bbcf3a68e78c9088e.png,RUB,23943.75,2016-12-08T00:30:32-08:00,,131913,,,Amenity|Jesus Daily,News Feed on desktop computers|Right column on desktop computers,,,,,,,,5449,https://www.facebook.com/Army-of-Jesus-1195795607160174/,blue|Conservative|illustration|REAL AMERICA|red|religion|religious figure|sacred|U.S. Flag|white
https://mith.umd.edu/irads/api/items/8143,981,How would we feel if another country bom…,"How would we feel if another country bombed us for the poisoned water in
Flint and for police brutality?",https://mith.umd.edu/irads/files/original/5d567e4904670b2a198582f801a1e72f.png,RUB,900,2017-05-19T07:08:27-07:00,2017-05-29T08:00:00-07:00,130992,English (UK)|English (US),,Pan-Africanism|African-American Civil Rights Movement (1954—68)|African-American history|Black (Color),News Feed on desktop computers|News Feed on mobile devices,,,,,,,,15124,https://www.facebook.com/blacktivists/,Anger|black|Blacktivist|class|foreign policy|Islamophobia|meme|nation|police brutality|protester|race|racial tensions|the people|white
https://mith.umd.edu/irads/api/items/7546,1187,repost—,repost—,https://mith.umd.edu/irads/files/original/e7f336dae87ec5e520bb4f3c1ffe67ba.png,RUB,800,2017-02-02T03:57:36-08:00,2017-02-04T03:57:36-08:00,127370,English (UK)|English (US),,Black nationalism|Pan-Africanism|Police misconduct|African—American culture|African—American Civil Rights Movement (1954—68)|African-American history|Black Consciousness Movement|Martin Luther King III|Stop Police Brutality|Black (Color),News Feed on desktop computers|News Feed on mobile devices,,,,,,,,16239,https://www.facebook.com/BIacktivist-128371547505950/,black|Blacktivist|non-partisan|photograph|popular culture|race|racial identities|Sadness|Surprise|white
https://mith.umd.edu/irads/api/items/8808,3088,Newsblog about social injustice in the U…,"Newsblog about social injustice in the US. Join us and stay informed!
Williams&Ka|vin",https://mith.umd.edu/irads/files/original/469f478745379280f4d73acea25f3888.png,RUB,26155.71,2016-12-12T06:40:45-08:00,,127188,English (UK)|English (US),Exclude people who like Williams&Ka|vin,African-American Civil Rights Movement (1954—68)|Racism in the United States,News Feed on desktop computers|News Feed on mobile devices|Right column on desktop computers,,,,,,,,3309,https://www.facebook.com/Williamsathalvin/,black|blue|civil rights|common folks|illustration|Joy|police brutality|purple|race|racial identities|racial tensions|white|Williams&Kalvin
https://mith.umd.edu/irads/api/items/8581,2552,Brown Power is a platform designed to ed…,"Brown Power is a platform designed to educate, entertain and connect
Chicanos in the US.",https://mith.umd.edu/irads/files/original/ec3549bd76cbe8ff55b54cdf51816de0.png,RUB,11122.34,2017-03-23T00:24:36-07:00,2017-05-12T12:45:00-07:00,126749,Spanish|English (UK)|English (US)|Spanish (Spain),Exclude people who like Brown Power,Mexico|Latin hip hop|Chicano Movement|Hispanidad|Lowrider|Chicano rap,News Feed on desktop computers|News Feed on mobile devices|Right column on desktop computers,,,,,,,,5707,https://www.facebook.com/brownunitedfront/,black|brown|Brown Power|civil rights|common folks|green|illustration|immigration|invader|Joy|photograph|protester|race|racial identities|red
https://mith.umd.edu/irads/api/items/9181,1426,Click Watch More to join us! Let's fight…,"Click Watch More to join us! Let's fight against police brutality together!
donotshoot.us Donotshoot.us Don't Shoot",https://mith.umd.edu/irads/files/original/9ceaa376f8e81d58a2a26ce0cd75266f.png,RUB,20578.5,2016-06-07T01:44:20-07:00,,125179,English (UK)|English (US),,Cop Block,News Feed on desktop computers|Third-party Apps and Websites on mobile devices|News Feed on mobile devices,,,,,,,,2305,http://donotshoot.us/,alllivesmatter|crime|equality|gun|police brutality|prison|Sadness
https://mith.umd.edu/irads/api/items/7519,1461,"We are not against police, we against po…","We are not against police, we against police brutality!",https://mith.umd.edu/irads/files/original/a4c45aa3594b0ec46396d18f9ece92c8.png,RUB,42805.48,2016-02-12T05:52:58-08:00,,120496,English (UK)|English (US),Exclude people who like Don't Shoot,Cop Block,News Feed on mobile devices,,,,,,,,4684,https://www.facebook.com/BIackJourney2Justice/,Anger|black|blue|crime|darkness and light|Don't Shoot|guns|illustration|non-partisan|police brutality|red
https://mith.umd.edu/irads/api/items/8622,2701,This movie never gets old,This movie never gets old,https://mith.umd.edu/irads/files/original/f4873e323838503bc6c93290f52cb1b2.png,RUB,500,2017-03-13T08:05:34-07:00,2017-03-15T12:00:00-07:00,119800,,,Mexico|Latin hip hop|Chicano Movement|Hispanidad|Lowrider|Chicano rap|La Raza,News Feed on desktop computers|News Feed on mobile devices,,,,,,,,16760,https://www.facebook.com/brownunitedfront/,black|Brown Power|photograph|red|white|wut
https://mith.umd.edu/irads/api/items/7234,1689,5-year-old David Southwick of Cortlandvi…,"5-year-old David Southwick of Cortlandville had an argument with his wife in
the parking lot and got into his car trying to run over the woman. He was so
pissed off that he intentionally hit 14 vehicles and drove into the porch of a

nearby house. Join us to read more funny news! Nuts News ( @nuts.news)
Funnylnst",https://mith.umd.edu/irads/files/original/93cfd75ab46c71f61b1b4421bfc7382c.png,RUB,7036,2015-12-17T06:43:41-08:00,,119733,English (US),,BuzzFeed|Humour,Instagram Feed,,,,,,,,1256,https://www.instagram.Com/nuts.news/,black|crime|darkness and light|empowerment|equality|Fear|gender|text
https://mith.umd.edu/irads/api/items/8584,2835,Unapologetically melaneted Kings and Que…,"Unapologetically melaneted Kings and Queens are powerful together. Join us!
Pan-Afican Roots MOVE",https://mith.umd.edu/irads/files/original/ac8a388dc2e1889ac520e474098d2c1b.png,RUB,20474.49,2017-03-22T04:27:16-07:00,2017-04-26T06:00:00-07:00,118865,English (US),Exclude people who like Pan-African roots MOVE,Martin Luther King|African-American culture|African-American Civil Rights Movement (1954—68)|Black History Month|African-American history|Malcolm X,News Feed on desktop computers|News Feed on mobile devices|Right column on desktop computers,,,,,,,,4373,https://www.facebook.com/PanAfrootsmove/,black|cowboy|cowgirl|Joy|non-partisan|Pan-African roots MOVE|race|racial identities|redacted|text
https://mith.umd.edu/irads/api/items/8028,938,repost_ repost _,repost_ repost _,https://mith.umd.edu/irads/files/original/ee5e1d5e24cc07d4877ee1ead788119c.png,RUB,600,2017-05-21T07:27:26-07:00,2017-05-22T07:27:26-07:00,116540,English (UK)|English (US),,Black nationalism|Pan-Africanism|Police misconduct|African-American culture|African-American Civil Rights Movement (1954—68)|African-American history|Black Consciousness Movement|Martin Luther King III|Stop Police Brutality|Black (Color),News Feed on desktop computers|News Feed on mobile devices,,,,,,,,15153,https://www.facebook.com/blacktivists/,Blacktivist|blue|brown|gender|Joy|race|racial identities|video|white
https://mith.umd.edu/irads/api/items/9036,61,Fast-growing black community. Latest new…,Fast-growing black community. Latest news and everyday updates!,https://mith.umd.edu/irads/files/original/91ff63ef0c74f4c383e37b4d53107b35.png,RUB,34501.08,2015-11-05T23:17:06-08:00,,115604,English (UK)|English (US),Exclude people who like Black Matters,BlackNews.com|HuffPost Black Voices,News Feed on desktop computers|News Feed on mobile devices,,,,,,,,10292,https://www.facebook.com/blackmattersus/,blacklivesmatter|equality|freedom
https://mith.umd.edu/irads/api/items/8760,2317,Our mission is to tell the bold truth ab…,Our mission is to tell the bold truth about inequality and injustice. Join us! BM,https://mith.umd.edu/irads/files/original/46cfd069523ad5fda0107a81f20df0fb.png,RUB,10662.05,2016-12-08T06:34:13-08:00,,114868,,Exclude people who like BM,Martin Luther King|African-American Civil Rights Movement (1954—68)|African-American history|Malcolm X,News Feed on desktop computers|News Feed on mobile devices|Right column on desktop computers,,,,,,,,5052,https://www.facebook.com/blackmattersus.mvmnt,black|civil rights|graduation|green|photograph|race|racial tensions|red|Sadness
https://mith.umd.edu/irads/api/items/8784,2198,Our mission is to tell the bold truth ab…,Our mission is to tell the bold truth about inequality and injustice. Join us! BM,https://mith.umd.edu/irads/files/original/a87aab2ad8dcc797a2c9fb19a656db7a.png,RUB,12404.4,2016-12-08T06:34:13-08:00,,113801,,Exclude people who like BM,Martin Luther King|African-American Civil Rights Movement (1954—68)|African-American history|Malcolm X,News Feed on desktop computers|News Feed on mobile devices|Right column on desktop computers,,,,,,,,5139,https://www.facebook.com/blackmattersus.mvmnt,Anger|black|BM|civil rights|common folks|green|photograph|race|racial identities|racial tensions|red
https://mith.umd.edu/irads/api/items/6796,111,Join us because we care. Black Matters!,Join us because we care. Black Matters!,https://mith.umd.edu/irads/files/original/7756cba6a3478fac0da53aa26ff504b9.png,RUB,31741.49,2015-07-13T07:20:58-07:00,,113435,English (UK)|English (US),Exclude people who like Black Matters,,News Feed on desktop computers|News Feed on mobile devices,,,"Atlanta (+20 km) Georgia|Maryland|Ferguson (+20 km), St. Louis (+20 km) Missouri|Virginia",,,,,7173,https://www.facebook.com/blackmattersus/,black|Black Matters|blacklivesmatter|graduation|photograph|police brutality|race|racial tensions|Sadness|white
https://mith.umd.edu/irads/api/items/7258,1687,Fed up with police violence? Wanna stop …,"Fed up with police violence? Wanna stop police brutality? Join us! Cop Block
Us ( @COp Block AmericanCops",https://mith.umd.edu/irads/files/original/1a09394a42be91a3e80c25f6f4cbdb65.png,RUB,7018.16,2015-12-17T05:21:36-08:00,,113296,English (US),,Humour,Instagram Feed,,,,,,,,778,httpszllwww.instagram.Com/Cop_block_us/,badge|black|cop_block_us|crime|green|Humor|meme|non-partisan|police brutality|red|Sadness|wut
https://mith.umd.edu/irads/api/items/8513,2779,"They fought for our freedom, now its our…","They fought for our freedom, now its our time to fight for their rights!",https://mith.umd.edu/irads/files/original/965271a31a6214f42e036d36e8a213f1.png,RUB,72735.14,2017-04-06T05:56:18-07:00,,112737,English (UK)|English (US),Exclude people who like Veterans Come First,,News Feed on desktop computers|News Feed on mobile devices|Right column on desktop computers,,,,,,,,15163,https://www.facebook.comNeterans-Come-First-1757336424535312/,badge|blue|brown|civil rights|common folks|cowboy|guns|Joy|Love|nation|patriotism|red|redacted|soldiers|U.S. Flag|Veterans Come First|war
https://mith.umd.edu/irads/api/items/7360,1917,This is the way our Children have to be …,"This is the way our Children have to be raised. It's not the promotion of
violence. It's the promotion of confidence and the ability to defend yourself.
Follow us if this video makes you proud!",https://mith.umd.edu/irads/files/original/a9d7307bc6ae720a7abcef364ed07f0f.png,RUB,17306.95,2016-04-22T10:43:02-07:00,,108433,,,The Tea Party|Conservative Republicans of Texas|Donald Trump for President,Instagram Feed,,,,,,,,857,https://www.facebook.com/Teapartypat—1649468318669272/,_american.made|2nd Amendment|black|common folks|guns|Instagram|invader|Joy|patriotism|photograph|text
https://mith.umd.edu/irads/api/items/8831,2000,Our mission is to tell the bold truth ab…,Our mission is to tell the bold truth about inequality and injustice. Join us! BM,https://mith.umd.edu/irads/files/original/c57ad13a6de9c3b4ca7727c021b59e74.png,RUB,15478.22,2016-12-08T06:34:13-08:00,,107295,,Exclude people who like BM,Martin Luther King|African-American Civil Rights Movement (1954—68)|African-American history|Malcolm X,News Feed on desktop computers|News Feed on mobile devices|Right column on desktop computers,,,,,,,,4669,https://www.facebook.com/blackmattersus.mvmnt/,black|BM|civil rights|class|common folks|illustration|Joy|photograph|race|racial identities|racial tensions|white
https://mith.umd.edu/irads/api/items/8993,85,Black Matters. Black community.,Black Matters. Black community.,https://mith.umd.edu/irads/files/original/82e5614442ab3f29dfab5528dd7cdf80.png,RUB,35240.34,2015-11-05T23:17:06-08:00,,105431,English (UK)|English (US),Exclude people who like Black Matters,BlackNews.com|HuffPost Black Voices,News Feed on desktop computers|News Feed on mobile devices,,,,,,,,10547,https://www.facebook.com/blackmattersus/,black|Black Matters|blacklivesmatter|civil rights|crime|empowerment|equality|Fear|justice|photograph|police brutality|race|racial identities|racial tensions|Sadness
https://mith.umd.edu/irads/api/items/8997,1460,"We are not against police, we against po…","We are not against police, we against police brutality!",https://mith.umd.edu/irads/files/original/fd97eff42db96ca1edd9315935483a0b.png,RUB,105585.61,2015-11-06T02:41:18-08:00,,103614,English (UK)|English (US),Exclude people who like Don't Shoot,Cop Block,News Feed on mobile devices,,,,,,,,10629,https://www.facebook.com/BIackJourneyZJustice/,Anger|black|blacklivesmatter|blue|civil rights|crime|Don't Shoot|equality|Fear|gun|guns|illustration|justice|police brutality|race|racial tensions|Sadness|security|text|woke
https://mith.umd.edu/irads/api/items/7233,1655,A page to unit all Muslim people living …,A page to unit all Muslim people living in the USA!,https://mith.umd.edu/irads/files/original/027286270b792c5f62e0065c1b2a2a47.png,RUB,59453.76,2015-12-18T03:52:42-08:00,,103079,English (UK)|English (US),Exclude people who like United Muslims of America,Muslims Are Not Terrorists|Zaid Shakir|ProductiveMuslim|Abu Eesa Niamatullah,News Feed on desktop computers|News Feed on mobile devices,,,,,,,,4491,https://www.facebook.com/MuslimAmerica/,alllivesmatter|blue|equality|justice|liberty|national monuments|race|racial identities|red|text|white
https://mith.umd.edu/irads/api/items/8005,2586,Mexican girls are the best,Mexican girls are the best,https://mith.umd.edu/irads/files/original/a0f1c6e6b09d71875d8ca70df89203a1.png,RUB,300,2017-05-05T00:04:14-07:00,2017-05-08T00:04:14-07:00,102110,,,Hispanic and latino american culture|Mexico|Being Chicano|Mexican american culture|Hispanic culture|Latino culture|Latin hip hop|Chicano|Chicano Movement|Hispanidad|Mexican Pride|Lowrider|Chicano rap|La Raza,News Feed on desktop computers|News Feed on mobile devices,,,,,,,,16055,https://www.facebook.com/brownunitedfront/,Brown Power|gender|meme|racial identities
https://mith.umd.edu/irads/api/items/8953,451,United We Stand! Welcome every patriot w…,United We Stand! Welcome every patriot we can reach. Flag and news!,https://mith.umd.edu/irads/files/original/92ec733629cffc8c92b874359e538071.png,RUB,36160,2016-09-15T02:50:06-07:00,,99946,English (UK)|English (US),Exclude people who like Being Patriotic,Independence|Patriotism,News Feed on desktop computers|News Feed on mobile devices,,,,,,,,11684,https://www.facebook.com/patriototus/,bald eagle|Being Patriotic|blue|Joy|painting|patriotism|red|U.S. Flag|white
https://mith.umd.edu/irads/api/items/7973,1188,Educate your Children on black culture a…,Educate your Children on black culture and appropriation. #Blackisonfleek,https://mith.umd.edu/irads/files/original/016da66c1e1049b002751f02423f14b4.png,RUB,300,2017-02-03T03:39:00-08:00,2017-02-06T03:39:00-08:00,98328,English (UK)|English (US),,Pan-Africanism|African-American Civil Rights Movement (1954—68)|African-American history|Black (Color),News Feed on desktop computers|News Feed on mobile devices,,,,,,,,13873,https://www.facebook.com/Blacktivist-128371547505950/,black|Blacktivist|blue|common folks|gender|Joy|orange|photograph|race|racial identities
https://mith.umd.edu/irads/api/items/7529,689,Every man should stand for our borders! …,Every man should stand for our borders! Join!,https://mith.umd.edu/irads/files/original/b6e796b6ef52a41781c7390d0b173f80.png,RUB,92711.37,2016-02-09T03:34:26-08:00,,97529,,Exclude people who like Secured Borders,,News Feed on desktop computers|News Feed on mobile devices,,,,,,,,15254,https://www.facebook.com/Secured-Borders-757183957716200/,barriers|borders|immigration|invader|non-partisan|photograph|Secured Borders|yellow
https://mith.umd.edu/irads/api/items/7364,1852,Welcome to the City of memes - Memopolis…,Welcome to the City of memes - Memopolis.,https://mith.umd.edu/irads/files/original/040f62bf5a389248dcbfd084c184c9a3.png,RUB,13288.51,2016-04-11T23:58:16-07:00,,97300,,Exclude people who like Memopolis,Entertainment|Humour,News Feed on desktop computers|News Feed on mobile devices|Right column on desktop computers,,,,,,,,2778,https://www.facebook.com/Memopolis-450474615151098/,Facebook|Humor|meme|Memopolis|non-partisan|photograph|popular culture|wut|yellow
https://mith.umd.edu/irads/api/items/6516,3143,"Staying Woke,bui|ding-up our Black commu…","Staying Woke,bui|ding-up our Black communities,up|ifting Black people. Join
us!",https://mith.umd.edu/irads/files/original/5b0f00b0b428bf1296069f84215894b0.png,RUB,10303.13,2016-11-08T14:22:44-08:00,,95896,English (US),Exclude people who like Woke Blacks,Martin Luther King|African-American Civil Rights Movement (1954—68)|African-American history|Malcolm X,News Feed on desktop computers|News Feed on mobile devices|Right column on desktop computers,,,,,,,,6780,https://www.facebook.com/Woke-B|acks-294234600956431/,black|blue|Joy|photograph|racial identities|red|text|woke|Woke Blacks
https://mith.umd.edu/irads/api/items/9262,39,Join us to learn more! Why aren't white …,"Join us to learn more! Why aren't white hoods and white supremacist
propaganda illegal here in America? Why are Germans ashamed of their
bigotry, while America is proud of it? Black America ( @black Blacklivessss",https://mith.umd.edu/irads/files/original/4925518e30c8e100193e2cec3c4a02ac.png,RUB,9160.88,2016-01-14T06:07:11-08:00,,95140,English (US),,HuffPost Black Voices,Instagram Feed,,,,,,,,300,httpszllwww.instagram.com/black_america_today/,black|blacklivesmatter|meme|Sadness|white
https://mith.umd.edu/irads/api/items/7441,591,We speak for all fellow members of LGBT …,We speak for all fellow members of LGBT community across the nation.,https://mith.umd.edu/irads/files/original/05bc0200d924425349261ef8ed760d89.png,RUB,31713.12,2016-03-23T05:36:11-07:00,,93925,English (UK)|English (US),,Gay pride|LGBT community|Homosexuality|LGBT culture|Same-sex marriage,News Feed on mobile devices,,,,,,,,5441,https://www.facebook.com/Igbtun/,illustration|Joy|LGBT United|LGBTQ|rainbow
https://mith.umd.edu/irads/api/items/8359,1011,Watch this baby drama. This child‘s grea…,"Watch this baby drama. This child‘s great escape is hilarious. Watch this
baby drama. This child‘s great escape is hilarious.",https://mith.umd.edu/irads/files/original/a9da6b26be764d25c3d982dbe622aa72.png,RUB,173.44,2017-04-14T07:58:44-07:00,2017-04-15T08:00:00-07:00,93044,English (UK)|English (US),,Black nationalism|Pan—Africanism|Police misconduct|African-American culture|African-American Civil Rights Movement (1954—68)|African-American history|Black Consciousness Movement|Martin Luther King III|Stop Police Brutality|Black (Color),News Feed on desktop computers|News Feed on mobile devices,,,,,,,,5582,https://www.facebook.com/blacktivists/,black|Blacktivist|Humor|non-partisan|redacted
https://mith.umd.edu/irads/api/items/9113,50,Black Matters 4 Cops On 1 Teen: Brutalit…,"Black Matters 4 Cops On 1 Teen: Brutality Against Juveniles L. A. County
probation officers brutalize teen in detention center. Fox News Hosts Believe
Charleston Shooting Wasn’t Hate Crime “Fox & Friends” hosts declare that
the shooting was motivated by religious hatred towards Christians, but not
racism. Brutal Alabama Cop Fatally Shoots Black Teen Holding Cellphone A
mobile police officer fatally shot a 19-year-old black teen, Michael Moore,
during a traffic stop Monday, June 13 in Toulminville, Alabama. Black Matters",https://mith.umd.edu/irads/files/original/f6c982ebf7707fc7c44bea05b018a446.png,RUB,13458.49,2016-06-21T07:09:02-07:00,,92618,English (UK)|English (US),,,News Feed on desktop computers|Third-party Apps and Websites on mobile devices|News Feed on mobile devices,,,,,,,,6555,httpszllblackmattersus.com/,black|blacklivesmatter|civil rights|crime|language|police brutality|racial identities|racial tensions|redacted|Republican|Sadness
https://mith.umd.edu/irads/api/items/9226,1880,Many of y'all know that the Civil war wa…,"Many of y'all know that the Civil war was not at all about slavery, it was about
freedom and independence from the Union. Click Learn More! South United (
@south Yoyoyoyoyo",https://mith.umd.edu/irads/files/original/4183e05902a77a2624b0ca8b16426c09.png,RUB,17339.78,2016-01-06T06:22:09-08:00,,91968,English (US),,Confederate States of America|American History,Instagram Feed,,,,,,,,432,httpszllwww.instagram.Com/south_united/,Confederate flag|Conservative|freedom|liberty|MAGA|national monuments
https://mith.umd.edu/irads/api/items/7060,2798,Join us to study your blackness and get …,"Join us to study your blackness and get the power from your roots. Stay woke
and natural! Nefertiti's Community",https://mith.umd.edu/irads/files/original/e3ff18b2a0de10db521fcc775562e466.png,RUB,19958.85,2016-10-18T05:58:59-07:00,,91669,English (UK)|English (US),Exclude people who like Nefertiti's Community,Black history|Black (Color),News Feed on desktop computers|News Feed on mobile devices|Right column on desktop computers,,,,,,,,7013,https://www.facebook.com/Nefertitis-Community-576081822594619/,brown|famous person|illustration|Joy|Nefertiti's Community|orange|race|racial identities|woke|yellow
https://mith.umd.edu/irads/api/items/7678,1326,This page is dedicated to protection aga…,This page is dedicated to protection against illegal immigrants! Like to join!,https://mith.umd.edu/irads/files/original/44cdedefc5552da217aaf95467828626.png,RUB,52020.95,2016-05-05T03:27:06-07:00,,91603,English (UK)|English (US),Exclude people who like Stop A.|.,Immigration|The Invaders|Politics,News Feed on desktop computers|News Feed on mobile devices,,,,,,,,18259,https://www.facebook.com/StopAlllnvaders,Anger|black|Fear|green|guns|illegal immigration|immigration|invader|meme|nation|red|soldiers|Stop A.I.|U.S. Flag
https://mith.umd.edu/irads/api/items/8771,2459,"Join us, if you proud to be who you are …","Join us, if you proud to be who you are and believe that your roots give you
the power! Black Excellence",https://mith.umd.edu/irads/files/original/cdd35cdc9e66018973ea7cdf96586285.png,RUB,13423.16,2016-12-27T05:53:41-08:00,,91531,English (UK)|English (US),Exclude people who like Black Excellence,Black Girls Rock!,News Feed on desktop computers|News Feed on mobile devices|Right column on desktop computers,,,,,,,,5957,https://www.facebook.com/iloveblaokexcellence/,black|blacklivesmatter|civil rights|empowerment|Joy|race|racial identities|redacted|the people
https://mith.umd.edu/irads/api/items/7574,76,Black Community! We finally made a websi…,"Black Community! We finally made a website! News about black racial and
social issues. Get breaking news and analysis on the life of African American
community in the US. Black Matters Hillary Doesn’t Deserve Black Votes
Young black voters give up on Mrs. Clinton Outraged Flint Resident: “Lawsuit
Must Be Filed Against State!” Flint Water Crisis touched the feelings of all
Americans and the whole world. Justice For Aiyana Jones Rally The tragic
death of Aiyana Jones, a 7-year-old African-American fatally shot by a Detroit
police officer 4 Officers, Who Shot Jeremy McDole, Won’t Face State
Charges, Family Protests In Wilmington Friday The tragic alleged murder of
Jeremy McDole happened last September after he had been “robbed and
shot by an unknown robber,” Black Matters",https://mith.umd.edu/irads/files/original/ba97dace91bca0538cc9782bee73d7e2.png,RUB,14182.61,2016-05-24T00:19:06-07:00,,89836,English (UK)|English (US),,,Third-party Apps and Websites on mobile devices|News Feed on mobile devices,,,,,,,,3402,https://b|ackmattersus.com/,black|Black Matters|can't trust the Clintons|illustration|racial tensions|voting|white
https://mith.umd.edu/irads/api/items/7131,2996,Stand up for Freedom. Stand up for Ameri…,Stand up for Freedom. Stand up for America!,https://mith.umd.edu/irads/files/original/498ed497e85328c9dc6239f0802e4973.png,RUB,26488.22,2016-10-14T07:29:09-07:00,,87235,English (UK)|English (US),Exclude people who like Stand for Freedom,Republican Party (United States) or Gun Owners of America|Politics: US politics (conservative)|Likely to engage with political content (conservative),News Feed on desktop computers|News Feed on mobile devices|Right column on desktop computers,,,,,,,,8249,https://www.facebook.com/Stand-for-Freedom-1133397646698140/,brown|city on a hill|civil rights|freedom|guns|Joy|Love|nation|Stand for Freedom|white
https://mith.umd.edu/irads/api/items/8672,953,This video may bring tears to your eyes.…,"This video may bring tears to your eyes. Make it go viral. We need this unity
in our communities. This video may bring tears to your eyes. Make it go viral.
We www.facebook.com",https://mith.umd.edu/irads/files/original/c426eaf8c34c37a1ba6d6124b4a1022a.png,RUB,200,2017-03-23T02:47:20-07:00,2017-03-25T13:00:00-07:00,83692,English (UK)|English (US),,Black nationalism|Pan-Africanism|Police misconduct|African-American culture|African-American Civil Rights Movement (1954—68)|African-American history|Black Consciousness Movement|Martin Luther King III|Stop Police Brutality|Black (Color),News Feed on desktop computers|News Feed on mobile devices,,,,,,,,4369,https://www.facebook.com/blacktivists/,black|Blacktivist|Joy|redacted|white
https://mith.umd.edu/irads/api/items/7919,1121,We do not want war or violence. We want …,We do not want war or violence. We want eqaulity and peace.,https://mith.umd.edu/irads/files/original/a8193d81e4464f8563ecbae3ff55acca.png,RUB,400,2017-02-08T07:12:03-08:00,2017-02-09T07:12:03-08:00,83675,English (UK)|English (US),,Pan-Africanism|African-American Civil Rights Movement (1954—68)|African-American history|Black (Color),News Feed on desktop computers|News Feed on mobile devices,,,,,,,,12275,https://www.facebook.com/Blacktivist-128371547505950/,Anger|black|Blacktivist|brown|equality|protester|race|racial identities|racial tensions|text|white
https://mith.umd.edu/irads/api/items/7902,2727,Real Mexican-American pride. Respect!,"Real Mexican-American pride. Respect!
FYI: The three largest Hispanic groups in the United States are the Mexican-
Americans, Puerto Ricans and Cubans.",https://mith.umd.edu/irads/files/original/508c7805ff314ccc8b90b16e503cf6f0.png,RUB,440,2017-02-16T00:42:01-08:00,2017-02-18T00:42:01-08:00,82748,,,Hispanic and latino american culture|Mexico|Mexican american culture|Hispanic culture|Latino culture|Latin hip hop|Chicano|Chicano Movement|Hispanidad|Mexican Pride|Lowrider|Chicano rap|La Raza,News Feed on desktop computers|News Feed on mobile devices,,,,,,,,11051,https://www.facebook.com/brownunitedfront/,Brown Power|immigration|Joy|nation|race|racial identities|redacted
https://mith.umd.edu/irads/api/items/9245,780,Black Discrimination Awareness! Like to …,Black Discrimination Awareness! Like to join!,https://mith.umd.edu/irads/files/original/39fc961b87a33bb0347967f28cc55f6e.png,RUB,39054.43,2016-01-14T06:53:15-08:00,,82725,English (UK)|English (US),Exclude people who like Williams&Ka|vin,National Museum of American History|Maya Angelou|Mumia Abu-Jamal|The Raw Story or motherjones|Behaviors: African American (US),News Feed on desktop computers|News Feed on mobile devices,,,,,,,,2592,https://www.facebook.com/WilliamsandKalvin/,black|Black lives matter|civil rights|empowerment|justice|Oppression|police brutality|racism|the people
https://mith.umd.edu/irads/api/items/7993,1076,Just because dads are the best friends.,Just because dads are the best friends.,https://mith.umd.edu/irads/files/original/87ca5b313b19981726bd4e5d96555b3b.png,RUB,500,2017-02-17T05:42:46-08:00,2017-02-18T05:42:46-08:00,81872,English (UK)|English (US),,Black nationalism|Pan-Africanism|Police misconduct|African—American culture|African—American Civil Rights Movement (1954—68)|African-American history|Black Consciousness Movement|Martin Luther King III|Stop Police Brutality|Black (Color),News Feed on desktop computers|News Feed on mobile devices,,,,,,,,5921,https://www.facebook.com/BIacktivist-128371547505950/,Blacktivist|redacted
https://mith.umd.edu/irads/api/items/9354,1998,Our mission is to tell the bold truth ab…,Our mission is to tell the bold truth about racism. Join us! Black Lives Matter!,https://mith.umd.edu/irads/files/original/a34696526f892fcaa434dcb099359617.png,RUB,16510.75,2016-08-30T01:04:29-07:00,,80206,,Exclude people who like BM,Martin Luther King|African-American Civil Rights Movement (1954—68)|African-American history|Malcolm X,News Feed on desktop computers|News Feed on mobile devices|Right column on desktop computers,,,,,,,,6125,https://www.facebook.com/blackmattersus.mvmnt/,Anger|black|blacklivesmatter|Fear|race|racial identities|Sadness|white
https://mith.umd.edu/irads/api/items/6777,101,Keeping eye on our brother's cases and m…,Keeping eye on our brother's cases and much more,https://mith.umd.edu/irads/files/original/bf4a6e95815422388a0c21ccaddd496a.png,RUB,23298.73,2015-07-13T07:20:58-07:00,,79112,English (UK)|English (US),Exclude people who like Black Matters,,News Feed on desktop computers|News Feed on mobile devices,,,"Atlanta (+20 km) Georgia|Maryland|Ferguson (+20 km), St. Louis (+20 km) Missouri|Virginia",,,,,5155,https://www.facebook.com/blackmattersus/,black|Black lives|blacklivesmatter|civil rights|crime|graduation|photograph|police brutality|race|racial tensions|red|Sadness|white
https://mith.umd.edu/irads/api/items/8124,2555,Ah indigenous woman will be running for …,"Ah indigenous woman will be running for president of Mexico in 2018. Mexico
hasn't have an indigenous president since Benito Juarez and that was over
130 years ago. The indigenous communities that are part of the National
Indigenous Congress decided to struggle collectively, for another way of
doing politics and for the right to live. I hope her policy will be the opposite of
the US. policy, which does not spare its citizens and sends them to fight in

the Middle East to satisfy their political ambitions. Source: —",https://mith.umd.edu/irads/files/original/bb1781e61b666464bda095f5dbe925ec.png,RUB,1125.81,2017-05-25T07:05:44-07:00,2017-05-29T07:05:44-07:00,78307,,,Hispanic and latino americah culture|Mexico|Being Chicano|Mexican american culture|Hispanic culture|Latino culture|Latin hip hop|Chicano|Chicano Movement|Hispanidad|Mexican Pride|Lowrider|Chicano rap|La Raza,News Feed on desktop computers|News Feed on mobile devices,,,,,,,,9591,https://www.facebook.com/brownunitedfront/,blue|Brown Power|common folks|foreign policy|gender|green|indigenous|photograph|race|racial identities|red|redacted|Surprise|text|voting
https://mith.umd.edu/irads/api/items/7390,24,TAG YOUR PHOTOS WITH #TXagainst Send us …,"TAG YOUR PHOTOS WITH #TXagainst Send us the reason why don't you
want illegals in Texas.
Comments, photos, and videos are welcomed!",https://mith.umd.edu/irads/files/original/2de69b7b602613516b2e986ff0775463.png,RUB,6618.25,2016-04-20T00:07:11-07:00,,77759,English (US),,Independence|Patriotism,Instagram Feed,,,,,,,,9,https://www.facebook.com/GovSpending-1651761351759857/,Anger|foreign policy|illegals|immigration|infestation|Instagram|non-partisan|racial identities|racial tensions|rebeltexas|redacted
https://mith.umd.edu/irads/api/items/7483,71,Breaking news and analysis on the life o…,"Breaking news and analysis on the life of African American community in the
US! Independent News For Black Amrican community Black Matters Black
Matters",https://mith.umd.edu/irads/files/original/746249d057ea0d594c90be80e9aabc5e.png,RUB,6691.62,2016-03-10T06:26:39-08:00,,77530,English (UK)|English (US),,Martin Luther King|Behaviors: African American (US),News Feed on desktop computers|Third-party Apps and Websites on mobile devices|News Feed on mobile devices,,,,,,,,2317,httpszllblackmattersus.com/,Anger|black|Black Matters|Joy|non-partisan|race|racial identities|racial tensions|red|text|white
https://mith.umd.edu/irads/api/items/8666,1025,"Whenever I watch it, I smile each time. …","Whenever I watch it, I smile each time. Thanks for your positivity,

—Whenever I watch it, I smile each time. Thanks for your

posit... www.facebook.com",https://mith.umd.edu/irads/files/original/74e2cba0fa498d5522a89e7d57dc6e49.png,RUB,1102,2017-03-09T02:47:28-08:00,2017-03-11T02:47:28-08:00,77424,English (UK)|English (US),,Black nationalism|Pan-Africanism|Police misconduct|African-American culture|African-American Civil Rights Movement (1954—68)|African-American history|Black Consciousness Movement|Martin Luther King III|Stop Police Brutality|Black (Color),News Feed on desktop computers|News Feed on mobile devices,,,,,,,,7711,https://www.facebook.com/Blacktivist-128371547505950/,black|Blacktivist|brown|common folks|Joy|race|redacted|video|yellow
https://mith.umd.edu/irads/api/items/9402,1150,Black Lives Matters! Say it loud. I'm bl…,Black Lives Matters! Say it loud. I'm black and I'm proud!,https://mith.umd.edu/irads/files/original/c1c6bb2aead7024c87667cdc10e7f792.png,RUB,56077.65,2015-10-13T02:03:35-07:00,,76981,English (UK)|English (US),Exclude people who like Blacktivist,Humanitarianism|Human rights|Humanitarian aid,News Feed on desktop computers|News Feed on mobile devices,,,"Atlanta (+25 mi) Georgia|New Orleans (+50 mi) Louisiana|Baltimore (+50 mi), Oakland (+50 mi) Maryland|Ferguson (+50 mi), St. Louis (+50 mi) Missouri|Milwaukee (+25 mi) Wisconsin",,,,,4482,https://www.facebook.com/blacktivists/,black|blacklivesmatter|empowerment|illustration|justice|race|racial identities|red|white
https://mith.umd.edu/irads/api/items/7645,97,Get breaking news and analysis on the li…,"Get breaking news and analysis on the life of African American community in
the US. Black Matters Black Matters This Is What Being “Confident In Ones
Blackness” Means To Some White Conservatives Black Matters Life
Expectancy For Black Americans Increase Black Matters Police Brutality
Videos Change How Black Men Live Black Matters",https://mith.umd.edu/irads/files/original/4c3f0d18cfd9d3a2002d9ce36cf9b5a2.png,RUB,5241.6,2016-05-10T07:26:47-07:00,,74257,English (UK)|English (US),,,News Feed on desktop computers|Third-party Apps and Websites on mobile devices|News Feed on mobile devices,,,,,,,,2603,httpszllblackmattersus.com/,Anger|Black Matters|blue|famous person|photograph|racial identities|racial tensions|redacted|white|yellow
https://mith.umd.edu/irads/api/items/8032,941,The three-time Emmy-winning Choreographe…,"The three-time Emmy-winning Choreographer, actress, executive producer of
Grey‘s Anatomy Debbie Allen is 67-years-old and she is still teaching dance
Classes. The three-time Emmy-winning Choreographer, actress, executive",https://mith.umd.edu/irads/files/original/15729175588af08d7f1c8de44e26eec9.png,RUB,400,2017-05-21T07:26:28-07:00,2017-05-22T07:26:28-07:00,73179,English (UK)|English (US),,Pan-Africanism|African-American Civil Rights Movement (1954—68)|African-American history|Black (Color),News Feed on desktop computers|News Feed on mobile devices,,,,,,,,8950,https://www.facebook.com/blacktivists/,black|Blacktivist|famous person|gender|Joy|race|racial identities|video|white
https://mith.umd.edu/irads/api/items/7185,1666,USA Muslims united,"USA Muslims united
977')? 9777') 77777779 7977???",https://mith.umd.edu/irads/files/original/9320fd3343a227c40f8955d9c5a1a42e.png,RUB,51193.05,2015-12-18T03:55:37-08:00,,73077,English (UK)|Arabic|English (US),Exclude people who like United Muslims of America,Zaid Shakir|Muslims for America|Abu Eesa Niamatullah,News Feed on desktop computers|News Feed on mobile devices,,,,,,,,3063,https://www.facebook.com/MuslimAmerica/,blue|illustration|Joy|national monuments|racial identities|red|religion|sacred|U.S. Flag|white
https://mith.umd.edu/irads/api/items/7977,2716,Straight up,Straight up,https://mith.umd.edu/irads/files/original/c24e9cb022eafb47faf35f3efb561038.png,RUB,800,2017-02-17T00:22:34-08:00,2017-02-18T00:22:34-08:00,72428,,,Mexico|Latin hip hop|Chicano Movement|Hispanidad|Lowrider|Chicano rap|La Raza,News Feed on desktop computers|News Feed on mobile devices,,,,,,,,9255,https://www.facebook.com/brownunitedfront/,Anger|brown|Brown Power|green|immigration|invader|Love|meme|race
https://mith.umd.edu/irads/api/items/6911,1964,Hot Chicks. Dank memes. Dope stuff.,Hot Chicks. Dank memes. Dope stuff.,https://mith.umd.edu/irads/files/original/83507d678c7b72e99d503f83c80a0d1d.png,RUB,10697.29,2016-10-14T05:09:53-07:00,,72197,English (UK)|English (US),Exclude people who like Memopolis,Internet meme|BuzzFeed|Meme|Humour|Funny Pics|9GAG,News Feed on desktop computers|News Feed on mobile devices|Right column on desktop computers,,,,,,,,3116,https://www.facebook.com/Memopolis-450474615151098/,black|Humor|meme|Memopolis|red|woke|wut
https://mith.umd.edu/irads/api/items/7445,1177,"Join event, don't stay indifferent! New …","Join event, don't stay indifferent! New Sandra Bland! We need justice. Come
and support. India Cummings. SayHerName",https://mith.umd.edu/irads/files/original/5f66ad275e134f598a0fc2f1878d903d.png,RUB,14000,2016-03-24T07:34:32-07:00,,70777,English (UK)|English (US),Exclude people who are going to India Cummings. SayHerName,,News Feed on desktop computers|News Feed on mobile devices,,,Buffalo (+10 mi) New York,,,,,2496,https://www.facebook.com/events/607910082706490/,Anger|black|Blacktivist|equality|green|illustration|Joy|race|racial tensions|white